index,대화0,대화1,대화2,대화3,대화4,대화5
1,/././안/녕,/././안/녕/ /왔/구/나,/오/ /안/녕/ /왔/구/나,/어/서/ /와/ /반/가/워,/어/서/ /와/ /기/다/리/고/ /있/었/어,/어/서/ /와/ /기/다/리/고/ /있/었/어
2,/비/ /오/는/구/나,/나/는/ /뭐/ /그/냥/ /있/어,/저/번/에/ /도/시/락/을/ /사/ /먹/어/ /봤/는/데/ /먹/어/볼/ /만/했/어/ /좀/ /비/싸/긴/ /했/지/만,/비/는/ /언/제/ /그/칠/까/?,/오/늘/은/ /뭐/ /하/고/ /지/낼/까,/오/늘/은/ /뭐/ /하/고/ /지/낼/까
3,/..할/ /말/ /있/어/?,/다/리/에/ /쥐/가/ /났/어,/있/잖/아/./././////////////////그/냥/ /불/러/봤/어,q/지/금/ /배/고/픈/ /거/ /같/은/데/ /뭘/ /먹/을/까/?/ /y/ / /밥/ / /n/ /라/면/ / /+/하/지/만/ /쌀/을/ /씻/기/ /귀/찮/아/./ /그/냥/ /라/면/ /먹/을/래/-/ /*/라/면/은/ /질/리/도/록/ /먹/었/어/./ /그/냥/ /밥/ /먹/을/래/=/,단/것/을/ /먹/으/면/ /기/분/이/ /좋/지/만/ /치/아/의/ /건/강/도/ /생/각/하/는/ /게/ /좋/아,q/사/탕/이/랑/ /초/콜/릿/ /중/에/서/ /뭐/가/ /좋/아/?/y/ /사/탕/ / /n/ /초/콜/릿/ /+/입/에/서/ /녹/여/ /먹/을/ /수/도/ /있/고/ /깨/물/어/서/ /그/ /자/리/에/ /당/장/ /먹/어/ /버/릴/ /수/도/ /있/고/ /다/양/하/게/ /먹/을/ /수/ /있/어/서/ /난/ /좋/아/-/ /*/지/금/ /같/은/ /날/씨/에/ /초/콜/릿/을/ /녹/여/ /먹/으/면/ /내/ /몸/도/ /녹/을/ /거/ /같/아/=/
4,/././음,/등/이/ /가/려/운/데/ /손/이/ /안/ /닿/아,/선/크/림/을/ /선/물/ /받/았/는/데/ /필/요/ /없/을/ /거/ /같/아,시/원/한/ /바/람/을/ /느/끼/고/ /싶/어/./ /차/가/운/ /바/람/ /말/고,야/식/을/ /먹/고/ /싶/을/ /때/가/ /있/는/데/ /건/강/을/ /위/해/ /참/아/야/겠/지/./ /아/주/ /가/끔/ /먹/고,단/것/을/ /먹/으/면/ /기/분/이/ /좋/지/만/ /치/아/의/ /건/강/도/ /생/각/하/는/ /게/ /좋/아
5,/././뭘/ /보/고/ /있/어/?,/나/도/ /스/마/트/폰/이/ /있/으/면/ /좋/겠/어,/가/끔/ /창/문/ /밖/에/ /고/양/이/가/ /쳐/다/보/다/ /가/./ /나/는/ /줄/ /것/이/ /없/는/데,무/언/가/를/ /쓰/고/ /싶/은/데/ /마/땅/히/ /무/엇/을/ /써/야/ /할/지/ /모/르/겠/어,/예/전/에/ /아/이/스/크/림/을/ /사/ /먹/으/러/ /슈/퍼/에/ /갔/어/./ /2/0/0/0/원/ /내/고/ /콘/을/ /사/서/ /그/ /자/리/에/서/ /바/로/ /먹/었/지/./ /정/말/ /맛/있/었/어,야/식/을/ /먹/고/ /싶/을/ /때/가/ /있/는/데/ /건/강/을/ /위/해/ /참/아/야/겠/지/./ /아/주/ /가/끔/ /먹/고
6,/././그/래,/가/끔/ /내/가/ /잘/살/고/ /있/는/지/ /모/르/겠/어,/가/끔/ /창/문/ /밖/에/ /참/새/가/ /앉/았/다/ /가/./ /잠/시/ /비/를/ /피/하/러/ /온/ /거/ /같/아,/얼/마/ /전/에/ /친/구/한/테/ /전/화/가/ /왔/었/어/./ /정/말/ /오/랜/만/이/라/ /반/가/웠/는/데/ /할/ /말/이/ /없/더/라/고/./ /그/래/서/ /서/로/ /인/사/만/ /하/고/ /말/았/지/,/아/침/마/다/ /산/책/하/러/ /다/녀/./ /몸/이/ /건/강/해/지/는/ /기/분/이/야,/예/전/에/ /아/이/스/크/림/을/ /사/ /먹/으/러/ /슈/퍼/에/ /갔/어/./ /2/0/0/0/원/ /내/고/ /콘/을/ /사/서/ /그/ /자/리/에/서/ /바/로/ /먹/었/지/./ /정/말/ /맛/있/었/어
7,/././왜/?,/뭘/ /하/려/고/ /그/랬/지,/컵/라/면/을/ /자/주/ /먹/으/니/까/ /살/이/ /찌/는/ /거/ /같/아,/벌/레/가/ /많/은/ /건/ /그/나/마/ /여/기/가/ /살/아/갈/ /수/ /있/는/ /장/소/라/서/ /그/런/ /걸/지/도,/예/전/에/는/ /밥/ /먹/기/ /귀/찮/았/는/데/ /이/제/는/ /삼/시/ /세/끼/ /꼬/박/ /챙/겨/ /먹/어,/아/침/마/다/ /산/책/하/러/ /다/녀/./ /몸/이/ /건/강/해/지/는/ /기/분/이/야
8,/././하/암,/왜/ /그/런/ /표/정/을/ /짓/고/ /있/는/ /거/야/?,/대/중/목/욕/탕/을/ /안/ /간/지/ /너/무/ /오/래/된/ /거/같/아/./ /안/ /씻/는/ /게/ /아/니/야/ /오/해/하/지/ /마,/옷/을/ /사/러/ /매/장/에/ /들/어/갔/는/데/ /내/가/ /가/진/ /돈/으/로/ /살/ /수/ /없/어/서/ /그/냥/ /보/고/ /나/왔/어/./ /언/젠/간/ /화/려/한/ /옷/들/을/ /입/을/ /날/이/ /오/겠/지/?,/책/ /살 /돈/은/ /없/지/만/ /도/서/관/ /가/서/ /빌/려/ /볼/ /수/ /있/어,/예/전/에/는/ /밥/ /먹/기/ /귀/찮/았/는/데/ /이/제/는/ /삼/시/ /세/끼/ /꼬/박/ /챙/겨/ /먹/어
9,/././피/곤/해,/자/고/ /있/을/ /때/ /벌/레/ /나/올/까/ /봐/ /두/려/워,/예/전/에/ /비/가/ /많/이/ /와/서/ /여/기/가/ /온/통/ /물/에/ /잠/긴/ /적/이/ /있/어/./ /꽤/ /고/생/ /좀/ /했/지/,"/T/V/가/ /있/지/만/,/ /전/기/를/ /아/껴/야/ /하/기/ /때/문/에/ /얼/마/ /못/ /봐/",/꽃/구/경/하/러/ /공/원/에/ /가/고/ /싶/어,/책/ /살 /돈/은/ /없/지/만/ /도/서/관/ /가/서/ /빌/려/ /볼/ /수/ /있/어
10,/./././졸/려,/곰/팡/이/././ /벌/레/들/./. ,/길/ /가/다/가/ /동/전/을/ /주/운/ /적/은/ /있/어/도/ /지/폐/를/ /주/워/본/ /적/이/ /없/어/,/사/람/들/과/ /소/통/하/는/ /건/ /정/말/ /중/요/한/ /거/ /같/아/./ /지/금/ /나/도/ /너/와/ /대/화/를/ /하/고/ /있/지/만,/오/늘/은/ /잠/을/ /푹/ /잤/어/./ /상/쾌/한/ /기/분/이/야,/꽃/구/경/하/러/ /공/원/에/ /가/고/ /싶/어
11,/././언/제/ /갈/래/?,/(/콜/록/콜/록/),/아/플/ /때/ /곁/에/ /아/무/도/ /없/으/면/ /괜/히/ /서/러/워/지/더/라/./ /이/제/는/ /익/숙/해/졌/지/만,/오/늘/ /비/가/ /그/치/고/ /햇/빛/이/ /나/는/ /걸/ /봤/어/./ /꿈/이/었/지/만,,/오/늘/은/ /잠/을/ /푹/ /잤/어/./ /상/쾌/한/ /기/분/이/야
12,/./././할/ /말/이/라/도/?,/방/안/에/ /습/기/가/ /차/서/ /매/우/ /불/쾌/해,/내/일/은/ /하/루/ /종/일/ /집/에/만/ /있/을/ /거/야/.,/저/번/에/ /신/문/을/ /보/고/ /세/상/에/ /대/해/ /궁/금/해/지/기/ /시/작/했/어,q/사/탕/이/랑/ /초/콜/릿/ /중/에/서/ /뭐/가/ /좋/아/?/y/ /사/탕/ / /n/ /초/콜/릿/ /+/입/에/서/ /녹/여/ /먹/을/ /수/도/ /있/고/ /깨/물/어/서/ /그/ /자/리/에/ /당/장/ /먹/어/ /버/릴/ /수/도/ /있/고/ /다/양/하/게/ /먹/을/ /수/ /있/어/서/ /난/ /좋/아/-/ /*/지/금/ /같/은/ /날/씨/에/ /초/콜/릿/을/ /녹/여/ /먹/으/면/ /내/ /몸/도/ /녹/을/ /거/ /같/아/=/,q/슬/슬/ /머/리/를/ /다/듬/으/러/ /갈/ /때/ /가/ /된/ /거/ /같/은/데/ /같/이/ /갈/래/?/y/ /그/래/ / /n/ /아/니/ / /+/그/래/ /그/럼/ /가/서/ /내/가/ /어/울/릴/만/한/ /머/리/ /좀/ /같/이/ /골/라/ /줘/-/ /*/그/래/ /그/럼/ /나/중/에/ /같/이/ /가/자/ /아/니/면/ /혼/자/ /가/도/ /되/고/=/
13,/./././비/ /오/네,/뭔/가/를/ /먹/고/ /싶/은/데/ /그/거/조/차/도/ /귀/찮/아,/다/리/에/ /쥐/가/ /났/어,/이/제/ /비/가/ /그/치/겠/지/./ /아/마/도,/물/을/ /마/시/는/ /것/도/ /좋/지/만/ /주/스/를/ /마/시/고/ /싶/을/ /때/도/ /있/어/./ /맛/있/으/니/까,물/을/ /마/시/는/ /것/도/ /좋/지/만/ /주/스/를/ /마/시/고/ /싶/을/ /때/도/ /있/어/./ /맛/있/으/니/까
14,/././흐/음/./.,/장/마/가/ /끝/나/기/는/ /할/까/././?/ /언/젠/가/는,q/밖/에/ /나/가/면/ /뭐/가/ /있/니/?/y/ /아/니/ / /n/ /희/망/ / /+/다/들/ /나/와/ /같/은/ /사/람/들/인/가/ /흠/././-/ /*/그/런/ /것/도/ /있/어/?/ /재/밌/는/ /농/담/이/네/=/,/가/끔/ /창/문/ /밖/은/ /여/기/랑/ /다/른/ /세/상/인/ /거/ /같/아/,/과/자/는/ /여/러/ /종/류/지/만/ /다/ /사/ /먹/기/에/는/ /돈/이/ /부/족/해/./ /그/리/고/ /많/이/ /먹/으/면/ /건/강/에/ /좋/지/ /않/아,/과/자/는/ /여/러/ /종/류/지/만/ /다/ /사/ /먹/기/에/는/ /돈/이/ /부/족/해/./ /그/리/고/ /많/이/ /먹/으/면/ /건/강/에/ /좋/지/ /않/아
15,/././머/리/가/ /무/거/워,/움/직/이/기/ /귀/찮/아,q/혹/시/ /우/산/이/ /없/는/ /거/야/?/y/ /없/어/ / /n/ /있/어/ / /+/갈/ /때/ /내/ /우/산/을/ /가/져/가/./ /하/나/뿐/이/지/만/-/ /*/다/행/이/네/./ /준/비/성/이/ /좋/구/나/=/,/혹/시/ /내/ /화/장/실/ /본/ /적/ /있/어/?/ /안/ /보/는/ /것/이/ /좋/을/ /거/야,/비/구/름/ /사/이/로/ /언/뜻/ /비/추/는/ /햇/빛/을/ /보/았/어/,/비/구/름/ /사/이/로/ /언/뜻/ /비/추/는/ /햇/빛/을/ /보/았/어/
16,/(/아/무/ /생/각/이/ /없/어/ /보/인/다/),q/././뭘/ /보/고/ /있/어/?/y/ / /너/ / /n/ /./././ /+/././왜/ /나/를/ /보/는/지/ /이/해/가/ /안/ /가/네/-/ /*/././이/상/하/구/나/ /너/=/,q/행/복/이/ /뭔/지/ /아/니/y/ / /응/ / /n/ /아/니/ / /+/나/중/에/ /알/려/줘/ /무/엇/인/지/ /궁/금/하/거/든/-/ /*/언/젠/간/ /알/고/ /싶/어/=/,/팝/콘/은/ /카/라/멜/이/ /최/고/인/ /거/ /같/아,/음/././ /옷/을/ /사/러/ /한/번/ /가/볼/까/./.,/음/././ /옷/을/ /사/러/ /한/번/ /가/볼/까/./.
17,/././저/게/ /뭐/지,q/나/랑/ /대/화/하/는/ /게/ /좋/아/?/y/ / /응/ / /n/ /아/니/ / /+/음/././ /그/렇/구/나/-/ /*/근/데/ /왜/ /대/화/를/ /하/지/?/ /이/상/한/ /사/람/이/구/나/=/,q/과/거/의/ /실/수/를/ /지/금/이/라/도/ /바/로/ /잡/을/ /수/ /있/으/면/ /그/렇/게/ /할/ /거/니/?/ /y/ /할/래/ / /n/안/ /할/래/ /+/그/렇/게/ /하/더/라/도/ /과/연/ /만/족/할/ /수/ /있/을/까/./ /아/니/면/ /더/ /나/빠/질/까/././ /어/려/운/ /문/제/야/-/ /*/이/런/선/택/ /신/중/해/야/ /하/지/./ /제/일/ /중/요/한/ /건/ /과/거/로/ /되/돌/아/갈/ /수/ /없/다/는/ /거/지/=/,q/가/족/들/ /다/ /잘/ /계/시/니/?/y/ / /응/ / /n/ /아/니/ / /+/건/강/하/게/ /잘/ /있/는/ /게/ /정/말/ /좋/은/거/야/-/ /*/./././괜/한/이/야/기/를/ /꺼/낸/ /거/ /같/구/나/ /미/안/=/,/이/제/ /뭘/ /사/ /먹/는/ /건/ /질/렸/어/./ /이/제/는/ /직/접/ /만/들/어/ /먹/어/보/고/ /싶/어/,/이/제/ /뭘/ /사/ /먹/는/ /건/ /질/렸/어/./ /이/제/는/ /직/접/ /만/들/어/ /먹/어/보/고/ /싶/어/
18,/././먼/지/다,q/(/나/를/ /쳐/다/보/고/ /있/다/)/y/ /본/다/ / /n/무/시/한/다/ /+/(/눈/이/ /마/주/쳤/지/만/ /바/로/ /피/해/버/렸/다/)/-/ /*/(/더/ /이/상/ /시/선/이/ /느/껴/지/지/ /않/는/다/)/=/,q/방/금/ /벌/레/가/ /내/ /위/로/ /지/나/갔/어/ /봤/어/?/y/ /봤/어/ / /n/못/ /봤/어/ /+/그/럼/ /좀/ /잡/아/주/지/ /그/랬/어/./././-/ /*/다/음/번/에/ /보/면/ /꼭/ /잡/아/줘/=/,자/고/ /일/어/나/니/ /내/ /몸/에/ /거/미/줄/이/ /묻/어/ /있/었/어/ /././.거/미/가/ /지/나/간/ /걸/까,/생/각/해/보/면/ /비/가/ /계/속/ /내/리/는/ /게/ /꼭/ /나/쁜/ /것/만/은/ /아/닌/ /거/ /같/아/,/생/각/해/보/면/ /비/가/ /계/속/ /내/리/는/ /게/ /꼭/ /나/쁜/ /것/만/은/ /아/닌/ /거/ /같/아/
19,/(/콜/록/콜/록/),/끈/적/거/리/는/ /거/ /딱/ /질/색/이/야 ,아/침/에/는/ /항/상/ /일/어/나/기/가/ /힘/들/어,/말/을/ /할/ /때/는/ /한/번/ /생/각/하/고/ /말/을/ /하/는/ /편/이/ /좋/아,/솔/직/히/ /말/하/면/ /네/가/ /오/고/ /나/서/ /기/분/이/ /많/이/ /좋/아/졌/어,/솔/직/히/ /말/하/면/ /네/가/ /오/고/ /나/서/ /기/분/이/ /많/이/ /좋/아/졌/어
20,/././지/루/해,/나/도/ /바/깥/으/로/ /나/갈/ /거/야/ /이/ /비/가/ /그/치/면,/등/이/ /가/려/운/데/ /손/이/ /안/ /닿/아,/양/말/에/ /구/멍/이/ /났/어/./ /하/나/ /새/로/ /사/야/겠/어,/아/침/이/ /오/면/ /새/들/이/ /창/문/ /밖/에/서/ /노/래/하/다/가/ /가,/아/침/이/ /오/면/ /새/들/이/ /창/문/ /밖/에/서/ /노/래/하/다/가/ /가
21,/././귀/찮/아,/우/산/들/의/ /나/라/에/는/ /비/가/ /올/까,/나/도/ /스/마/트/폰/이/ /있/으/면/ /좋/겠/어,q/밥/은/ /보/통/ /혼/자/ /먹/니/?/y/ / /응/ / /n/ /아/니/ / /+/맞/아/ /나/도/ /혼/자/ /먹/어/-/ /*/누/군/가/와/ /함/께/ /먹/는/ /건/ /좋/은/ /거/지/=/,/저/번/에/ /길/ /가/다/가/ /5/0/0/원/을/ /주/웠/어/./ /마/침/ /옆/에/ /자/판/기/가/ /있/어/서/ /내/ /돈/을/ /조/금/ /보/태/서/ /사/ /먹/었/지/./ /뭐/ /나/쁘/지/ /않/았/어,/저/번/에/ /길/ /가/다/가/ /5/0/0/원/을/ /주/웠/어/./ /마/침/ /옆/에/ /자/판/기/가/ /있/어/서/ /내/ /돈/을/ /조/금/ /보/태/서/ /사/ /먹/었/지/./ /뭐/ /나/쁘/지/ /않/았/어
22,/././심/심/해,/있/잖/아/./././///////////아/무/것/도/ /아/니/야,/이/제/ /햇/빛/이/ /얼/마/나/ /밝/았/는/지/ /기/억/이/ /안/ /나,/커/다/란/ /솜/사/탕/을/ /먹/고/ /싶/다,/내/일/은/ /꼭/ /청/소/할/ /거/야,/내/일/은/ /꼭/ /청/소/할/ /거/야
23,/././음/ /아/니/야,/초/밥/을/ /먹/고/ /싶/다/ /평/생/ /못/ /먹/겠/지,/날/이/ /밝/았/을/ /때/ /내/가/ /뭐/ /했/는/지/ /기/억/이/ /안/ /나,/시/원/한/ /사/이/다/를/ /마/시/고/ /싶/다,/동/네/에/ /2/4/시/간/ /세/탁/소/가/ /생/겨/서/ /정/말/ /편/해/졌/어,/동/네/에/ /2/4/시/간/ /세/탁/소/가/ /생/겨/서/ /정/말/ /편/해/졌/어
24,/././눅/눅/해,/이/제/ /햇/빛/이/ /얼/마/나/ /밝/았/는/지/ /기/억/이/ /안/ /나,/구/름/은/ /어/디/로/ /흘/러/가/나,/어/디/론/가/ /여/행/을/ /떠/나/고/ /싶/다,/요/즘/ /집/에/서/ /가/볍/게/ /스/트/레/칭/을/ /하/고/ /있/어/./ /몸/이/ /가/뿐/해/지/는/ /기/분/이/야,/요/즘/ /집/에/서/ /가/볍/게/ /스/트/레/칭/을/ /하/고/ /있/어/./ /몸/이/ /가/뿐/해/지/는/ /기/분/이/야
25,/././퀘/퀘/한/ /냄/새,/날/이/ /밝/았/을/ /때/ /내/가/ /뭐/ /했/는/지/ /기/억/이/ /안/ /나,/장/마/가/ /끝/나/기/는/ /할/까/././?/ /언/젠/가/는,/등/이/ /가/려/운/데/ /손/이/ /닿/지/ /않/아,/요/즘/ /운/동/을/ /하/고/ /있/어/./ /숨/쉬/기/ /운/동,/요/즘/ /운/동/을/ /하/고/ /있/어/./ /숨/쉬/기/ /운/동
26,/././배/고/파,/구/름/은/ /어/디/로/ /흘/러/가/나,/움/직/이/기/ /귀/찮/아,/우/리/ /동/네/에/도/ /맛/집/이/ /있/었/으/면/ /좋/겠/어,/벌/레/가/ /많/은/ /건/ /그/나/마/ /여/기/가/ /살/아/갈/ /수/ /있/는/ /장/소/라/서/ /그/런/ /걸/지/도,/벌/레/가/ /많/은/ /건/ /그/나/마/ /여/기/가/ /살/아/갈/ /수/ /있/는/ /장/소/라/서/ /그/런/ /걸/지/도
27,/././목/말/라,/지/금/ /몇/ /시/지,/끈/적/거/리/는/ /거/ /딱/ /질/색/이/야 ,/전/에/ /인/형/을/ /하/나/ /샀/었/는/데/ /곰/팡/이/가/ /잔/뜩/ /피/어/서/ /버/렸/어,/././흐/음/././ /큼/././!/ /목/이/ /간/지/럽/네,/././흐/음/././ /큼/././!/ /목/이/ /간/지/럽/네
28,/././추/워,/././흐/음/ /뭐/하/지,/나/도/ /바/깥/으/로/ /나/갈/ /거/야/ /이/ /././언/젠/가/는,/큰/맘/ /먹/고/ /마/카/롱/을/ /샀/는/데/ /까/먹/어/서/ /곰/팡/이/가/ /피/었/어/./ /아/깝/게/도/ /버/리/게/ /되/었/지,/넌/ /요/즘/ /잘/ /지/내/고/ /있/는/지/ /모/르/겠/네/./ /잘/ /지/낼/ /거/라/ /믿/어,/넌/ /요/즘/ /잘/ /지/내/고/ /있/는/지/ /모/르/겠/네/./ /잘/ /지/낼/ /거/라/ /믿/어
29,/(/멍/ /때/리/는/ /중/),/./././비/ /오/네/././ /계/속/./.,/자/고/ /있/을/ /때/ /벌/레/ /나/올/까/ /봐/ /두/려/워,/하/늘/에/서/ /별/을/ /본/ /적/ /있/어/?/ /사/실/ /달/도/ /안/ /보/여,/언/젠/가/는/ /어/디/론/가/ /여/행/을/ /떠/나/고/ /말/ /거/야,/언/젠/가/는/ /어/디/론/가/ /여/행/을/ /떠/나/고/ /말/ /거/야
30,/지/금/ /몇/ /시/지,/././심/심/해/././ /너/무/나,/././음/ /././흐/음,/어/제/저/녁/에/ /라/면/을/ /이/불/ /위/에/ /엎/었/어/./ /정/말/ /슬/펐/어,/저/번/에/ /신/문/을/ /보/고/ /세/상/에/ /대/해/ /궁/금/해/지/기/ /시/작/했/어,/저/번/에/ /신/문/을/ /보/고/ /세/상/에/ /대/해/ /궁/금/해/지/기/ /시/작/했/어
31,/././뭐/하/지,/././추/워/ /덮/을/ /거/ /없/나/./.,/././풉///////////// ././나/ /안/ /웃/었/어,/내/가/ /곰/팡/이/인/지/ /곰/팡/이/가/ /나/인/지,/혹/시/ /내/ /화/장/실/ /본/ /적/ /있/어/?/ /안/ /보/는/ /게/ /좋/을/걸,/혹/시/ /내/ /화/장/실/ /본/ /적/ /있/어/?/ /안/ /보/는/ /게/ /좋/을/걸
32,/././눕/고/ /싶/어,/././목/이/ /아/파,/././저/게/ /뭘/까,/최/근/에/ /나/비/를/ /본/ /거/ /같/은/데/./ /진/짜/였/으/면/ /좋/겠/어,/건/강/하/게/ /잘/ /있/는/ /건/ /정/말/ /좋/은/ /거/야,/건/강/하/게/ /잘/ /있/는/ /건/ /정/말/ /좋/은/ /거/야
33,/(/손/가/락/을/ /만/지/는/ /중/),/먹/고/ /싶/은/ /거/ /평/생/ /못/ /먹/겠/지,/핫/케/이/크/가/ /먹/고/ /싶/다/,/선/크/림/을/ /선/물/ /받/았/는/데/ /아/직/ /필/요/ /없/을/ /거/ /같/아,/사/람/들/과/ /소/통/하/는/ /건/ /정/말/ /중/요/한/ /거/ /같/아/./ /지/금/ /나/도/ /너/와/ /대/화/를/ /하/고/ /있/지/만,/사/람/들/과/ /소/통/하/는/ /건/ /정/말/ /중/요/한/ /거/ /같/아/./ /지/금/ /나/도/ /너/와/ /대/화/를/ /하/고/ /있/지/만
34,/(/바/닥/을/ /보/는/ /중/),"/학/창/ /시/절/이/ /기/억/이/ /안/ /나/는/데/,/ /별/로/ /중/요/하/지/ /않/은/ /거/ /같/아",/커/다/란/ /솜/사/탕/을/ /먹/고/ /싶/다/,/가/끔/ /창/문/ /밖/에/ /고/양/이/가/ /쳐/다/보/다/ /가/./ /난/ /줄/ /게/ /없/는/데,/너/랑/ /나/중/에/ /놀/러/ /가/고/ /싶/다,/너/랑/ /나/중/에/ /놀/러/ /가/고/ /싶/다
35,/(/천/장/을/ /보/는/ /중/),/(/창/밖/을/ /보/는/ /중/),/시/원/한/ /사/이/다/를/ /마/시/고/ /싶/다/,/가/끔/ /창/문/ /밖/에/ /참/새/가/ /앉/았/다/ /가/./ /잠/시/ /비/를/ /피/하/러/ /온/ /거/ /같/아,/너/랑/ /나/중/에/ /밥/ /먹/으/러/ /가/고/ /싶/어,/너/랑/ /나/중/에/ /밥/ /먹/으/러/ /가/고/ /싶/어
36,/(/창/밖/을/ /보/는/ /중/),/과/일/ /먹/고/ /싶/다,/간/지/러/워/서/ /봤/는/데/ /벌/레/가/ /있/었/어/ /으/./.,/컵/라/면/을/ /자/주/ /먹/으/니/까/ /살/이/ /찌/는/ /거/ /같/아,/최/근/에/ /나/비/를/ /봤/어/./ /이/쁘/더/라,/최/근/에/ /나/비/를/ /봤/어/./ /이/쁘/더/라
37,/././씻/기/ /귀/찮/아,/감/기/ /걸/릴/ /거/ /같/아,모/자/는/ /나/한/테/ /안/ /어/울/리/는/ /것/ /같/아,/대/중/목/욕/탕/을/ /안/ /간/지/ /너/무/ /오/래/된/ /거/ /같/아/./ /기/억/이/ /안/ /나/네,/오/늘/ /잠/깐/ /햇/빛/을/ /본/ /것/도/ /같/은/데/./.,/오/늘/ /잠/깐/ /햇/빛/을/ /본/ /것/도/ /같/은/데/./.
38,/휴/지/가/ /떨/어/졌/어,/(/손/가/락/으/로/ /원/을/ /그/리/고/ /있/다/),재/밌/는/ /일/이/ /있/으/면/ /좋/겠/어,/예/전/에/ /비/가/ /많/이/ /와/서/ /여/기/가/ /온/통/ /물/에/ /잠/긴/ /적/이/ /있/어/./ /꽤/ /고/생/ /좀/ /했/지,/어/릴/ /때/ /짝/사/랑/했/던/ /그/ /아/이/가/ /떠/오/르/는/군,/어/릴/ /때/ /짝/사/랑/했/던/ /그/ /아/이/가/ /떠/오/르/는/구/나
39,/(/벌/레/를/ /보/는/ /중/),/(/쳐/다/보/니/ /눈/을/ /돌/린/다/),밤/에/ /잠/을/ /잘/ /자/고/ /싶/어,/(/콧/노/래/를/ /부/르/고/ /있/다/./ /눈/이/ /마/주/치/자/ /멈/칫/했/다/./ /볼/이/ /붉/어/진/ /거/ /같/다/./),/이/제/ /건/강/을/ /위/해/ /채/소/도/ /먹/어/야/ /해/./././싫/지/만,/이/제/ /건/강/을/ /위/해/ /채/소/도/ /먹/어/야/ /해/./././싫/지/만
40,/한/ /것/도/ /없/는/데/ /지/치/네/./.,././거/미/줄/이,/졸/린/거/ /같/은/데/././ /흐/음/././.,/././음 /좋/은/ /날/이/야/./ /비/는/ /내/리/지/만,q/창/ /밖/에/ /새/가/ /날/아/간/ /거/ /같/은/데/ /봤/어/?/y/ /봤/어/ / /n/못/ /봤/어/ /+/비/가/ /그/만/큼/ /적/게/ /온/다/는/ /뜻/일/까/./ /잘/ /모/르/겠/네/-/ /*/잘/못/ /본/ /걸/까/./ /정/말/이/면/ /비/가/ /조/금/ /올/지/도/ /모/른/다/고/ /생/각/해/=/,q/라/면/에/ /떡/을/ /넣/어/서/ /먹/어/본/ /적/ /있/니/?/y/ /있/어/ / /n/ /없/어/ / /+/나/도/ /가/끔/ /넣/어/서/ /먹/어/./ /떡/이/ /퍼/지/면/ /더/ /맛/있/는/ /거/ /같/아/-/ /*/대/신/에/ /다/른/ /것/을/ /넣/거/나/ /그/냥/ /먹/겠/지/./ /파/나/ /달/걀/도/ /좋/고/=/
41,/././할/ /말/이/ /없/어,(/꼬/르/륵/)/././.,/따/뜻/한/ /차/ /한/잔/ /마/시/고/ /싶/다,/(눈/이/ /마/주/치/자/ /살/짝/ /미/소/가/ /보/였/지/만/ /이/내/ /원/래/ /표/정/으/로/ /돌/아/왔/다/),q/아/는/ /계/곡/이/ /있/는/데/ /정/말/ /깨/끗/하/고/ /좋/아/./ /언/제/ /한/번/ /비/가/ /그/치/면/ /같/이/ /가/보/지/ /않/을/래/?/y/ /갈/래/ / /n/안/ /갈/래/ /+/가/서/ /맛/있/는/ /것/도/ /먹/고/ /물/고/기/도/ /잡/고/ /싶/어/./ /정/말/ /재/미/있/을/ /거/야/-/ /*/계/곡/을/ /좋/아/하/지/ /않/는/구/나/./ /방/에/ /있/는/ /것/도/ /좋/지/=/,누/워/서/ /빗/소/리/를/ /감/상/하/면/ /마/음/이/ /편/해/지/는/ /거/ /같/아/./ /조/용/히/ /듣/고/ /있/으/면/ /잠/이/ /오/는/ /거/ /같/기/도/ /하/고
42,/(/거/미/줄/을/ /보/는/ /중/),/감/기/인/가/./.,/어/제/ /다/리/에/ /모/기/를/ /물/렸/어/./ 너/무/ /간/지/러/워,/명/상/하/기/ /좋/은/ /날/이/야/./ /너/도/ /조/용/히/ /눈/을/ /감/고/ /명/상/해/봐,q/예/전/에/도/ /같/은/ /질/문/을/ /했/었/지/ /나/랑/ /대/화/하/는/ /게/ /좋/아/?/y/ /좋/아/ / /n/ /싫/어/ / /+/(/고/개/를/ /돌/렸/다/./그/리/고/ /나/를/ /쳐/다/봤/다/./)/나/도/ /좋/아/ /././././용/기/내/서/ /말/하/는/ /건/ /어/려/운/ /일/이/구/나/-/ /*/나/의/ /답/답/한/ /면/에/ /싫/어/할/ /수/ /있/지/ /이/해/해/./ /그/래/도/ /종/종/ /찾/아/와/ /주/는/ /건/ /아/주/ /싫/다/는/ /것/은/ /아/닐/ /거/라/ /생/각/해/=/,/번/개/를/ /본/ /적/이/ /있/어/?/ /듣/기/만/ /하/지/ /직/접/ /본/ /적/은/ /없/는/ /거/ /같/아
43,/././할/ /것/이/ /없/어,빵/을/ /먹/은/ /지/ /얼/마/나/ /되/었/을/까,/책/을/ /읽/을/ /때/ /소/리/를/ /내/서/ /읽/으/면/ /더/ /집/중/이/ /잘/ /되/는/ /거/ /같/아/ /더/ /재/밌/는/ /거/ /같/기/도/ /하/고 ,q/여/행/을/ /가/본/ /적/ /있/니/?/y/ /있/어/ / /n/ /없/어/ / /+/이/곳/저/곳/ /구/경/하/고/ /먹/을/ /것/도/ /먹/고/ /기/념/품/도/ /사/고/ /././즐/거/운/ /시/간/을/ /보/냈/구/나/-/ /*/지/금/은/ /이/렇/지/만/ /언/젠/간/ /여/행/을/ /갈/ /수/ /있/을/ /거/라/고/ /믿/어/=/,q/언/젠/가/ /인/생/에/ /밝/은/ /날/이/ /올/ /거/라/고/ /믿/어/?/y/ / /응/ / /n/ /반/드/시/ /+/맞/아/ /나/도/ /믿/어/./ /비/가/ /개/는/ /날/이/ /오/는/ /것/처/럼/ /그/런/ /날/이/ /올/ /거/라/고/ /믿/어/-/ /*/반/드/시/././ / /그/래/ /반/드/시/ /기/다/리/고/ /인/내/하/고/ /노/력/하/면/ /언/젠/가/ /반/드/시/=/,/(눈/이/ /마/주/치/자/ /눈/싸/움/이/ /시/작/되/었/다///.////.//////./////////졌/다/)
44,/(/긁/적/긁/적/),/방/이/ /좁/아/진/ /것/ /같/은/데/ /././흐/음,/산/에/ /올/라/가/서/ /있/는/ /힘/껏/ /소/리/를/ /질/러/보/고/ /싶/어,q/따/뜻/한/ /음/식/이/ /좋/아/ /아/니/면/ /차/가/운/ /음/식/이/ /좋/아/?/y/따/뜻/한/ /것/ /n/차/가/운/ /것/ /+/따/뜻/한/ /음/식/을/ /먹/으/면/ /몸/ /전/체/에/ /온/기/가/ /퍼/져/서/ /좋/아/./ /마/시/멜/로/를/ /넣/은/ /따/뜻/한/ /코/코/아/ /마/시/고/ /싶/다/-/ /*/냉/기/로/ /열/을/ /식/힐/ /수/ /있/지/./ /더/운/ /여/름/날/ /차/가/운/ /팥/빙/수/를/ /먹/어/보/고/ /싶/어/=/,q/명/상/하/기/ /좋/은/ /날/인/ /거/ /같/아/ /안/ /그/래/?/y/ /좋/은/날/ /n/안/ /좋/은/날/ /+/그/런/ /의/미/에/서/ /같/이/할/래/?/ /뭐/ /난/ /이/미/ /하/고/ /있/지/만/-/ /*/뭐/ /네/가/ /좋/아/하/는/ /날/이/ /오/겠/지/./ /비/록/ /지/금/이/ /아/니/라/서/ /그/렇/지/=/,/피/곤/할/ /때/ /억/지/로/ /몸/을/ /움/직/이/면/ /더/ /안/ /좋/아/./ /일/이/ /많/은/ /건/ /알/지/만/ /쉴/ /때/ /쉬/어/야/ /해
45,/(/먼/지/를/ /터/는/ /중/),/난/ /라/면/이/ /좋/아/ /정/말/이/야,/(눈/이/ /마/주/치/자/ /살/짝/ /미/소/가/ /보/였/지/만/ /이/내/ /원/래/ /표/정/으/로/ /돌/아/왔/다/),q/혼/자/ /있/는/ /게/ /좋/아/ /아/니/면/ /함/께/ /있/는/ /게/ /좋/아/?/y/ /혼/자/ / /n/ /함/께/ / /+/나/도/ /그/렇/게/ /생/각/했/는/데/ /요/즘/은/ /좀/ /바/뀐/ /거/ /같/아/-/ /*/함/께/ /있/으/면/ /덜/ /무/서/울/ /거/라/고/ /생/각/해/=/,q/라/면/에/ /떡/을/ /넣/어/서/ /먹/어/본/ /적/ /있/니/?/y/ /있/어/ / /n/ /없/어/ / /+/나/도/ /가/끔/ /넣/어/서/ /먹/어/./ /떡/이/ /퍼/지/면/ /더/ /맛/있/는/ /거/ /같/아/-/ /*/대/신/에/ /다/른/ /것/을/ /넣/거/나/ /그/냥/ /먹/겠/지/./ /파/나/ /달/걀/도/ /좋/고/=/,/거/울/에/ /비/친/ /내/ /모/습/을/ /보/면/ /좀/ /초/라/한/ /느/낌/이/ /들/었/는/데/ /운/동/하/고/ /많/이/ /좋/아/진/ /거/ /같/아
46,/././옷/이/ /흠/./.,/시/간/은/ /계/속/ /흘/러/가/는/구/나,/(바/닥/에/ /손/가/락/으/로/ /뭔/가/를/ /그/리/고/ /있/는/ /거/ /같/다/),q/가/족/들/ /다/ /잘/ /계/시/니/?/y/ / /응/ / /n/ /아/니/ / /+/건/강/하/게/ /잘/ /있/는/ /게/ /정/말/ /좋/은/ /거/야/-/ /*/./././괜/한/이/야/기/를/ /꺼/낸/ /거/ /같/구/나/ /미/안/=/,누/워/서/ /빗/소/리/를/ /감/상/하/면/ /마/음/이/ /편/해/지/는/ /거/ /같/아/./ /조/용/히/ /듣/고/ /있/으/면/ /잠/이/ /오/는/ /거/ /같/기/도/ /하/고,q/명/상/하/기/ /좋/은/ /날/인/ /거/ /같/아/ /안/ /그/래/?/y/ /좋/은/날/ /n/안/ /좋/은/날/ /+/그/런/ /의/미/에/서/ /같/이/할/래/?/ /뭐/ /난/ /이/미/ /하/고/ /있/지/만/-/ /*/뭐/ /네/가/ /좋/아/하/는/ /날/이/ /오/겠/지/./ /비/록/ /지/금/이/ /아/니/라/서/ /그/렇/지/=/
47,/(/생/각/ /중/),/배/터/리/는/ /충/분/하/니/?,/어/릴/ /때/ /종/이/접/기/ /책/보/고/ /종/이/학/을/ /접/은/ /기/억/이/ /나/네/./ /1/0/0/마/리/ /접/으/려/다/가/ /1/0/마/리/ /접/고/ /포/기/했/지/만,혹/시/ /배/고/프/면/ /말/해/./ /물/ /정/도/는/ /줄/ /수/ /있/어,번/개/를/ /본/ /적/이/ /있/어/?/ /듣/기/만/ /하/지/ /직/접/ /본/ /적/은/ /없/는/ /거/ /같/아,밤/에/ /나/간/ /적/이/ /있/는/데/ /가/로/등/ /빛/이/ /희/미/했/어/./ /빨/리/ /수/리/했/으/면/ /좋/겠/어
48,/././앗/ /차/가/워,/이/건/ /의/미/ /없/는/ /시/간/이/야,/밤/이/ /되/면/ /빗/소/리/가/ /더/ /강/하/게/ /들/려/와,카/페/에/ /가/서/ /커/피/를/ /마/시/고/ /싶/어/./ /여/유/ /있/게/ /언/젠/가/는,/(눈/이/ /마/주/치/자/ /눈/싸/움/이/ /시/작/되/었/다///.////.//////./////////졌/다/),누/군/가/에/게/ /소/중/한/ /사/람/이/ /된/다/는/ /것/은/ /어/려/운/ /일/이/야
49,/바/닥/이/ /축/축/해/./.,/신/발/이/ /하/나/밖/에/ /없/어,/요/즘/ /내/리/는/ /비/는/ /오/염/된/ /빗/물/이/겠/지/?,/건/강/을/ /위/해/ /채/소/도/ /먹/어/야/ /하/지/만/ /./././으/ /싫/어,/피/곤/할/ /때/ /억/지/로/ /몸/을/ /움/직/이/면/ /더/ /안/ /좋/아/./ /일/이/ /많/은/ /건/ /알/지/만/ /쉴/ /때/ /쉬/어/야/ /해,/(/눈/이/ /마/주/치/자/ /피/하/지/ /않/고/ /다/가/오/는/ /느/낌/이/ /든/다/./ /기/분/ /탓/이/지/만/)
50,/././시/간/이,/밥/은/ /항/상/ /사/ /먹/어,/명/상/하/기/ /좋/은/ /날/인/ /거/ /같/아,/사/람/이/ /밥/만/ /먹/고/ /살/ /수/는/ /없/잖/아/./ /다/른/ /것/도/ /먹/어/보/고/ /싶/어,/거/울/에/ /비/친/ /내/ /모/습/을/ /보/면/ /좀/ /초/라/한/ /느/낌/이/ /들/었/는/데/ /운/동/하/고/ /많/이/ /좋/아/진/ /거/ /같/아,/표/현/이/ /서/툴/지/만/ /마/음/을/ /열/고/ /솔/직/하/게/ /털/어/놓/으/면/ /서/로/가/ /좋/다/는/ /것/을/ /알/았/어
51,공란,공란,/쓰/레/기/를/ /버/리/러/ /가/기/ /귀/찮/아/./ /오/늘/ /버/리/는/ /날/인/데,/어/릴/ /때/ /짝/사/랑/했/던/ /그/ /아/이/가/ /떠/오/르/는/구/나,밤/에/ /나/간/ /적/이/ /있/는/데/ /가/로/등/ /빛/이/ /희/미/했/어/./ /빨/리/ /수/리/했/으/면/ /좋/겠/어,/예/전/에/는/ /아/무/것/도/ /하/기/ /싫/었/어/./ /가/만/히/ /있/으/며/ /의/미/ /없/게/ /살/아/가/고/ /싶/었/어/./ /요/즘/은/ /뭔/가/를/ /시/도/하/고/ /싶/어
52,공란,공란,/밤/에/ /잠/이/ /잘/ /오/지/를/ /않/아,/(잠/깐/ /졸/다/가/ /화/들/짝/ /깬/ /모/습/을/ /보/았/다/./ /웃/은/ /것/을/ /들/킨/ /거/ /같/다/)/./////.//////./웃/지/마,누/군/가/에/게/ /소/중/한/ /사/람/이/ /된/다/는/ /것/은/ /어/려/운/ /일/이/야,/(/최/근/ /자/주/ /하/던/ /기/침/이/ /멎/은/ /거/ /같/다/./)
53,공란,공란,/(/콜/록/콜/록/)/ /잠/시/ /먼/지/가/ /목/에/ /들/어/갔/어,/거/울/에/ /비/친/ /내/ /모/습/을/ /보/면/ /좀/ /초/라/한/ /느/낌/이/야,/(/눈/이/ /마/주/치/자/ /피/하/지/ /않/고/ /다/가/오/는/ /느/낌/이/ /든/다/./ /기/분/ /탓/이/지/만/),q/언/젠/가/ /인/생/에/ /밝/은/ /날/이/ /올/ /거/라/고/ /믿/어/?/y/ / /응/ / /n/ /반/드/시/ /+/맞/아/ /나/도/ /믿/어/./ /비/가/ /개/는/ /날/이/ /오/는/ /것/처/럼/ /그/런/ /날/이/ /올/ /거/라/고/ /믿/어/-/ /*/반/드/시/././ / /그/래/ /반/드/시/ /기/다/리/고/ /인/내/하/고/ /노/력/하/면/ /언/젠/가/ /반/드/시/=/
54,공란,공란,/T/V/ /위/에/ /먼/지/가/ /가/득/ /쌓/였/어,/어/릴/ /때/ /은/하/수/를/ /봤/는/데/ /정/말/ /아/름/다/웠/어/./ /언/젠/가/ /다/시/ /볼/ /수/ /있/을/까,/표/현/이/ /서/툴/지/만/ /마/음/을/ /열/고/ /솔/직/하/게/ /털/어/놓/으/면/ /서/로/가/ /좋/다/는/ /것/을/ /알/았/어,잘/ /때/ /비/가/ /조/금/ /왔/는/지/ /풀/벌/레/ /소/리/가/ /들/렸/어/./ /오/랜/만/에/ /들/었/지
55,공란,공란,거/미/가/ /날/ /물/지/ /않/았/으/면/ /좋/겠/어,/창/밖/에/ /아/이/들/이/ /알/록/달/록/한/ /우/산/을/ /들/고/ /지/나/갔/어/./ /아/마/ /소/풍/을/ /가/나/ /봐,/예/전/에/는/ /아/무/것/도/ /하/기/ /싫/었/어/./ /가/만/히/ /있/으/며/ /의/미/ /없/게/ /살/아/가/고/ /싶/었/어/./ /요/즘/은/ /뭔/가/를/ /시/도/하/고/ /싶/어,어/릴/ /때/ /작/고/ /하/얀/ /강/아/지/를/ /본/ /적/이/ /있/어/./ /꼬/리/를/ /흔/들/며/ /달/려/오/는/데/ /그/때/는/ /커/ /보/였/는/지/ /무/서/웠/어
56,공란,공란,빗/소/리/에/ /집/중/하/고/ /있/으/면/ /불/안/감/이/ /조/금/ /사/라/져,/추/울/ /때/ /핫/팩/을/ /적/당/히/ /쓰/면/ /좋/아,/(/최/근/ /자/주/하/던/ /기/침/이/ /멎/은/ /거/ /같/다/./),"/(/슬/슬/ /나/가/볼/까/ /생/각/했/지/만/,/ /눈/을/ /마/주/친/ /너/의/ /모/습/이/ /즐/거/워/ /보/여/ /조/금/만/ /더/ /있/기/로/ /했/다/./)"
57,공란,공란,가/끔/ /천/장/에/서/ /부/스/럭/ /소/리/가/ /나,집/에/ /흔/들/의/자/라/도/ /있/으/면/ /심/심/하/지/ /않/을/ /거/ /같/아,잘/ /때/ /비/가/ /조/금/ /왔/는/지/ /풀/벌/레/ /소/리/가/ /들/렸/어/./ /오/랜/만/에/ /들/었/지,/요/즘/ /대/화/하/는/ /게/ /즐/거/워/./ /너/도/ /나/랑/ /같/은/ /생/각/이/었/으/면/ /좋/겠/어
58,공란,공란,/밤/에/ /자/고/ /있/는/데/ /갑/자/기/ /물/방/울/을/ /맞/아/서/ /놀/랐/어/./ /비/가/ /천/장/에/서/ /샜/었/나/ /봐,겨/울/에/ /아/이/스/크/림/을/ /먹/었/더/니/ /감/기/에/ /걸/릴/ /뻔/했/어/./ /겨/울/에/는/ /먹/지/ /말/아/야/겠/어,어/릴/ /때/ /작/고/ /하/얀/ /강/아/지/를/ /본/ /적/이/ /있/어/./ /꼬/리/를/ /흔/들/며/ /달/려/오/는/데/ /그/때/는/ /커/ /보/였/는/지/ /무/서/웠/어,/늦/었/다/고/ /생/각/할/ /때/가/ /늦/었/다/는/데/ /조/금/ /늦/으/면/ /어/때/./ /시/작/점/이/ /다/른/ /거/지/ /결/과/는/ /어/떤/ /게/ /될/지/ /모/르/는/ /법/이/야
59,공란,공란,/벽/에/서/ /쿵/ /소/리/가/ /났/어/./ /무/너/지/는/ /건/ /아/닐/까/ /걱/정/이/야,/집/에/ /들/어/서/자/마/자/ /온/기/가/ /있/다/는/ /것/은/ /정/말/ /좋/은/ /거/야,"/(/슬/슬/ /나/가/볼/까/ /생/각/했/지/만/,/ /눈/을/ /마/주/친/ /너/의/ /모/습/이/ /즐/거/워/ /보/여/ /조/금/만/ /더/ /있/기/로/ /했/다/./)",/귀/찮/아/서/ /자/주/ /안/ /씻/었/는/데/ /요/즘/ /정/말/ /자/주/ /씻/어/./ /몸/이/ /개/운/하/면/ /머/리/도/ /개/운/하/거/든
60,공란,공란,/자/전/거/를/ /타/보/고/ /싶/어/./ /항/상/ /넘/어/지/지/만,/(/최/근/ /자/주/ /하/던/ /기/침/이/ /줄/어/든/ /거/ /같/다/./),/요/즘/ /대/화/하/는/ /게/ /즐/거/워/./ /너/도/ /나/랑/ /같/은/ /생/각/이/었/으/면/ /좋/겠/어,/(/조/용/히/ /창/문/을/ /바/라/보/고/ /있/다/./ /같/이/ /바/라/보/았/다/./)/비/가/ /정/말/ /많/이/ /와
61,공란,공란,/옆/에/ /트/럭/이/ /지/나/갔/었/는/데/ /방/이/ /흔/들/려/서/ /지/진/ /난/ /줄/ /알/았/어,/(/자/신/이/ /꾸/며/둔/ /창/문/을/ /쳐/다/보/며/ /작/게/ /미/소/ /짓/고/ /있/다/./ /내/심/ /뿌/듯/해/하/는/ /거/ /같/다/./),/늦/었/다/고/ /생/각/할/ /때/가/ /늦/었/다/는/데/ /조/금/ /늦/으/면/ /어/때/./ /시/작/점/이/ /다/른/ /거/지/ /결/과/는/ /어/떤/ /게/ /될/지/ /모/르/는/ /법/이/야,q/예/전/에/도/ /같/은/ /질/문/을/ /했/었/지/ /나/랑/ /대/화/하/는/ /게/ /좋/아/?/y/ /좋/아/ / /n/ /싫/어/ / /+/(/고/개/를/ /돌/렸/다/./그/리/고/ /나/를/ /쳐/다/봤/다/./)/나/도/ /좋/아/ /././././용/기/내/서/ /말/하/는/ /건/ /어/려/운/ /일/이/구/나/-/ /*/나/의/ /답/답/한/ /면/에/ /싫/어/할/ /수/ /있/지/ /이/해/해/./ /그/래/도/ /종/종/ /찾/아/와/ /주/는/ /건/ /아/주/ /싫/다/는/ /것/은/ /아/닐/ /거/라/ /생/각/해/=/
62,공란,공란,"/새/를/ /기/르/고/ /싶/지/만/,/ /새/장/에/ /가/둬/두/고/ /싶/지/는/ /않/아/./ /나/도/ /갇/혀/있/는/ /건/ /싫/은/걸",/너/가/ /여/기/ /온/ /지/ /얼/마/나/ /되/었/지/ /././짧/은/ /것/ /같/으/면/서/도/ /긴/ /것/ /같/아,/귀/찮/아/서/ /자/주/ /안/ /씻/었/는/데/ /요/즘/ /정/말/ /자/주/ /씻/어/./ /몸/이/ /개/운/하/면/ /머/리/도/ /개/운/하/거/든,지/금/ /배/고/프/지/만/ /자/고/ /일/어/나/면/ /좀/ /괜/찮/아/져
63,공란,공란,/여/기/는/ /먼/지/랑/ /비/ /냄/새/로/ /가/득/해,/솔/직/히/ /하/고/ /싶/은/ /게/ /너/무/많/아/ ///.///.///.////나/도/알/아/ /모/든/ /것/을/ /만/족/할/ /수/ /있/는/ /삶/이/란/ /없/다/는/ /것/을/./.,/(/조/용/히/ /창/문/을/ /바/라/보/고/ /있/다/./ /같/이/ /바/라/보/았/다/./)/비/가/ /정/말/ /많/이/ /와,사/우/나/에/ /가/면/ /삶/은/ /달/걀/과/ /식/혜/를/ /마/셔/보/고/ /싶/어
64,공란,공란,/구/석/에/ /버/섯/이/ /자/란/ /적/이/ /있/었/어/./ /먹/을/ /수/ /있/는/ /버/섯/은/ /아/니/겠/지,/귀/찮/아/서/ /자/주/ /안/ /씻/었/는/데/ /././그/러/지/ /말/아/야/겠/지,/지/금/ /배/고/프/지/만/ /자/고/ /일/어/나/면/ /좀/ /괜/찮/아/져,/최/근/ /글/씨/ /연/습/을/ /하/고/ /있/어/./ /조/금/ /잘/ /써/지/고/ /있/는/ /거/ /같/아
65,공란,공란,/눈/에/ /먼/지/가/ /들/어/간/ /것/ /같/아,/가/끔/ /배/고/픔/을/ /잊/기/ /위/해/ /상/상/을/ /해/./ /이/미/ /맛/있/는/ /것/을/ /먹/고/ /배/부/르/다/는/ /것/을/,사/우/나/에/ /가/면/ /삶/은/ /달/걀/과/ /식/혜/를/ /마/셔/보/고/ /싶/어,/편/의/점/ /가/면/ /항/상/ /라/면/만/ /사/고/ /나/왔/는/데/ /주/변/을/ /둘/러/보/니/까/ /여/러/ /가/지/를/ /팔/더/라/./ /시/야/가/ /좁/았/던/ /거/ /같/아
66,공란,공란,/좋/아/하/던/ /옷/에/ /구/멍/이/ /나/ /버/렸/어/./ /어/쩔/ /수/ /없/지,언/제/ /한/번/ /국/내/에/ /있/는/ /유/명/한/ /명/소/에/ /다/녀/오/고/ /싶/어,/최/근/ /글/씨/ /연/습/을/ /하/고/ /있/어/./ /조/금/ /잘/ /써/지/고/ /있/는/ /거/ /같/아,/길/ /가/는/데/ /인/형/ /뽑/기/가/ /있/더/라/고/ /하/고/ /싶/었/지/만/ /돈/을/ /절/약/하/기/ /위/해/ /참/았/어/./ /언/젠/가/ /꼭/ /뽑/을/ /거/야
67,공란,공란,/항/상/ /필/요/한/ /물/건/은/ /찾/으/면/ /안/ /보/이/더/라,나/중/에/ /여/행/을/ /가/서/ /기/념/품/을/ /산/다/면/ //.////.////.////너/한/테/ /줄/게,/편/의/점/ /가/면/ /항/상/ /라/면/만/ /사/고/ /나/왔/는/데/ /주/변/을/ /둘/러/보/니/까/ /여/러/ /가/지/를/ /팔/더/라/./ /시/야/가/ /좁/았/던/ /거/ /같/아,/창/문/이/ /볼/만/해/져/서/ /기/분/이/ /좋/아/./ /맨/ /처/음/ /만/났/을/ /때/ /깨/진/ /창/문/ /기/억/하/니/ /././생/각/하/면/ /부/끄/러/워
68,공란,공란,/어/릴/ /때/ /해/가/ /밝/게/ /비/추/고/ /있/는/데/ /비/가/ /많/이/ /왔/던/ /게/ /기/억/나/./ /너/무/ /신/기/했/지,/최/근/ /글/씨/ /연/습/을/ /하/고/ /있/어/./ /너/무/ /악/필/이/거/든,/길/ /가/는/데/ /인/형/ /뽑/기/가/ /있/더/라/고/ /하/고/ /싶/었/지/만/ /돈/을/ /절/약/하/기/ /위/해/ /참/았/어/./ /언/젠/가/ /꼭/ /뽑/을/ /거/야,/책/을/ /읽/고/ /많/은/ /것/을/ /상/상/할/ /때/가/ /있/어/./ /생/각/하/는/ /건/ /좋/은/ /거/ /같/아
69,공란,공란,/5/살/ /때/ /문/에/ /손/가/락/을/ /찧/은/ /적/이/ /있/어/./ /울/었/지/만 /아/무/도/ /도/와/주/지/ /않/았/어,/요/즘/에/ /라/면/을/ /자/주/ /안/ /먹/으/려/고/ /노/력/하/고/ /있/어,/창/문/이/ /볼/만/해/져/서/ /기/분/이/ /좋/아/./ /맨/ /처/음/ /만/났/을/ /때/ /깨/진/ /창/문/ /기/억/하/니/ /././생/각/하/면/ /부/끄/러/워,/커/피/나/ /코/코/아/를/ /마/시/고/ /싶/은/ /기/분/이/야
70,공란,공란,/새/ /책/을/ /읽/을/ /수/ /있/어/서/ /좋/아/진/ /것/ /같/아,/휴/지/를/ /어/디/에/다/ /뒀/는/지/ /기/억/이/ /안/ /나/네/ /././흠,/책/을/ /읽/고/ /많/은/ /것/을/ /상/상/할/ /때/가/ /있/어/./ /생/각/하/는/ /건/ /좋/은/ /거/ /같/아,/아/무/리/ /배/고/파/도/ /밤/늦/게/ /먹/는/ /건/ /몸/에/ /좋/지/ /않/아/./ /잠/을/ /자/서/ /잊/는/ /게/ /좋/지
71,공란,공란,/햇/빛/에/ /옷/을/ /말/릴/ /수/ /있/으/면/ /좋/겠/어,이/제/ /벌/레/를/ /봐/도/ /아/무/렇/지/ /않/아/. /적/응/이/ /되/었/나/ /봐,/커/피/나/ /코/코/아/를/ /마/시/고/ /싶/은/ /기/분/이/야,q/아/는/ /계/곡/이/ /있/는/데/ /정/말/ /깨/끗/하/고/ /좋/아/./ /언/제/ /한/번/ /비/가/ /그/치/면/ /같/이/ /가/보/지/ /않/을/래/?/y/ /갈/래/ / /n/안/ /갈/래/ /+/가/서/ /맛/있/는/ /것/도/ /먹/고/ /물/고/기/도/ /잡/고/ /싶/어/./ /정/말/ /재/미/있/을/ /거/야/-/ /*/계/곡/을/ /좋/아/하/지/ /않/는/구/나/./ /방/에/ /있/는/ /것/도/ /좋/지/=/
72,공란,공란,가/끔/ /천/장/에/서/ /부/스/럭/ /소/리/가/ /나,손/톱/을/ /다/듬/은/ /지/ /오/래/된/ /거/ /같/아/./ /좀/ /다/듬/어/야/겠/어,/아/무/리/ /배/고/파/도/ /밤/늦/게/ /먹/는/ /건/ /몸/에/ /좋/지/ /않/아/./ /잠/을/ /자/서/ /잊/는/ /게/ /좋/지,따/뜻/한/ /물/로/ /씻/고/ /나/면/ /기/분/이/ /한/결/ /좋/아/지/는/ /거/ /같/아/
73,공란,공란,작/지/만/ /그/래/도/ /방/이/ /있/어/서/ /좋/아,/최/근/에/ /안/부/ /전/화/를/ /받/았/어/./ /잘/ /지/낸/다/고/ /이/야/기/했/지,따/뜻/한/ /물/로/ /씻/고/ /나/면/ /기/분/이/ /한/결/ /좋/아/지/는/ /거/ /같/아/,오/랜/만/에/ /멀/리/ /나/갔/는/데/ /대/중/교/통/이/ /좋/아/진/ /거/ /같/아
74,공란,공란,갓/ /구/운/ /빵/을/ /먹/고/ /싶/어/./ /안/ /먹/은/ /지/ /오/래/된/ /거/ /같/아,/커/다/랗/고/ /푹/신/한/ /인/형/을/ /갖/고/ /싶/어/./ /잘/ /때/ /껴/안/을/ /수/ /있/겠/지,오/랜/만/에/ /멀/리/ /나/갔/는/데/ /대/중/교/통/이/ /좋/아/진/ /거/ /같/아,/핸/드/폰/을/ /너/무/ /오/래/ /보/면/ /눈/ /건/강/에/ /안/ /좋/아/./ /잠/시/ /쉬/는/ /것/도/ /좋/지/
75,공란,공란,/어/릴/ /때/ /산/타/가/ /있/다/고/ /믿/었/는/데/ /지/금/은/ /./././음,/어/릴/ /때/는/ /눈/이/ /무/릎/만/큼/ /쌓/이/면/ /좋/아/했/어/./ /혼/자/ /놀/아/도/ /즐/거/웠/지,/노/래/를/ /부/르/고/ /싶/은/ /기/분/이/야/./ /빗/소/리/에/ /묻/혀/서/ /크/게/ /불/러/도/ /될/ /거/ /같/아,/너/무/ /걸/어/ /다/니/면/ /발/바/닥/이/ /아/파/./ /가/끔/ /살/이/ /까/질/ /때/도/ /있/어/서/ /더/ /아/플/ /때/도/ /있/지/
76,공란,공란,/맛/있/는/ /음/식/을/ /먹/었/는/데/ /꿈/이/었/어/./ /다/ /먹/고/ /일/어/났/으/면/ /좋/았/을/ /텐/데/././.,/최/근/ /시/골/집/에/ /방/문/했/는/데/ /풀/이/ /무/성/했/어/./ /그/리/고/ /무/척/이/나/ /작/았/지,/(천/장/을/ /보/고/ /있/다/./ /시/선/을/ /따/라/가/니/ /거/미/줄/이/ /처/져/ /있/다/./),/발/을/ /제/2/의/ /심/장/이/라/고/ /부/른/대/./ /지/압/하/면/ /건/강/에/ /도/움/이/ /되/는/ /거/ /같/아/
77,공란,공란,/빗/물/이/ /아/무/리/ /많/아/도/ /마/실/ /수/는/ /없/지,/병/원/ /가/는/ /것/은/ /두/려/워/./ /예/전/이/나/ /지/금/이/나/ /앞/으/로/도/ /계/속/ /그/럴/ /거/ /같/아 ,/요/리/를/ /연/습/하/다/가/ /손/을/ /다/쳤/어/./ /어/서/ /잘/하/는/ /날/이/ /오/면/ /좋/겠/어,/먼/저/ /믿/어/주/지/ /않/으/면/ /나/도/ /믿/음/을/ /받/을/ /수/ /없/다/고/ /하/더/라/
78,공란,공란,/(/무/언/가/ /생/각/을/ /하/는/ /듯/하/다/./ /한/참/을/ /창/밖/을/ /보/고/ /있/다/./),/내/가/ /무/서/운/ /꿈/을/ /꾸/다/가/ /깨/면/ /엄/마/가/ /항/상/ /등/을/ /토/닥/여/ /줬/지,/하/늘/을/ /나/는/ /꿈/을/ /꿔/보/고/ /싶/어/./ /그/럼/ /구/름/ /위/로/ /올/라/가/서/ /햇/살/을/ /볼/ /거/야,/생/각/을/ /속/에/ /담/아/두/지/ /말/고/ /말/이/나/ /글/을/ /써/서/ /상/대/방/에/게/ /표/현/하/는/ /것/이/ /좋/아/
79,공란,공란,/어/릴/ /때/ /천/둥/만/ /치/면/ /이/불/을/ /뒤/집/어/쓰/고/ /빨/리/ /지/나/가/길/ /바/랐/지,/환/기/를/ /자/주/ /시/켰/더/니/ /먼/지/가/ /줄/어/든/ /거/ /같/아,어/제/는/ /열/심/히/ /화/장/실/ /청/소/를/ /했/어/./ /힘/들/었/지/만/ /깨/끗/해/져/서/ /기/분/이/ /좋/아,/계/단/을/ /오/르/면/ /무/릎/이/ /아/플/ /때/가/ /있/어/
80,공란,공란,/꼭/ /중/요/할/ /때/ /할/ /말/이/ /생/각/나/지/ /않/는/ /거/ /같/아,/어/릴/ /때/는/ /시/골/집/이/ /정/말/ /넓/었/어/./ /그/ /작/은/ /몸/으/로/ /여/기/저/기/ /돌/아/다/녔/지,과/일/주/스/를/ /마/시/고/ /싶/어/./ /달/콤/하/고/ /상/큼/하/겠/지,/다/리/에/ /힘/이/ /별/로/ /없/어/서/ /오/래/ /걸/으/면/ /아/픈/ /거/ /같/아/
81,공란,공란,/놀/이/터/ /미/끄/럼/틀/을/ 타/다/가/ /떨/어/진/ /적/이/ /있/었/어/./ /등/으/로/ /떨/어/졌/는/데/ /숨/이/ /안/ /쉬/어/지/더/라/고,/전/에/는/ /시/간/이/ /언/제/ /가/나/ /했/는/데/ /요/즘/에/는/ /시/간/이/ /참/ /빨/리/ /가/는/ /것/ /같/아,/초/콜/릿/과/ /사/탕/은/ /둘/ /다/ /달/달/해/서/ /좋/아/./ /단/것/을/ /먹/으/면/ /기/분/이/ /좋/아/지/거/든,/행/복/한/ /삶/을/ /찾/는/다/는/ /것/은/ /어/려/운/ /일/이/야/
82,공란,공란,/현/재/를/ /영/어/로/ /p/r/e/s/e/n/t/라/고 /하/더/라/./ /과/거/의/ /선/물/인/ /것/일/까,/(/콜/록/콜/록/)/ /먼/지/가/ /자/꾸/ /목/에/ /들/어/가/네/ /환/기/를/ /시/켜/야/겠/어,/따/뜻/한/ /스/프/에/ /빵/을/ /찍/어/ /먹/고/ /싶/어/./ /나/중/에/ /같/이/ /먹/었/으/면/ /좋/겠/어,/인/생/은/ /한/ /번/뿐/이/라/ /소/중/한/ /거/야/
83,공란,공란,/거/북/이/는/ /어/떤/ /소/리/를/ /내/며/ /우/는/ /걸/까,/저/번/에/ /창/문/에/ /붙/인/ /스/티/커/가/ /귀/여/웠/어/./ /나/중/에/ /또/ /살/까/ /생/각/ /중/이/야,/요/즘/ /다/양/한/ /책/을/ /읽/게/ /되/어/서/ /좋/은/ /거/ /같/아/./ /세/상/에/는/ /얼/마/나/ /다/양/한/ /책/이/ /있/을/지/ /궁/금/해,/세/상/에/는/ /좋/은/ /음/악/들/이/ /많/이/ /있/어/
84,공란,공란,/해/가/ /있/는/데/ /비/ /오/는/ /것/을/ /여/우/비/라/고/ /하/지/./ /요/즘/ /본/ /적/이/ /없/는/ /거/ /같/아,"/바/람/에/ /창/문/이/ /흔/들/리/지/만/,/ /예/전/만/큼/ /무/섭/지/는/ /않/아",/메/모/지/가/ /있/으/면/ /필/요/한/ /것/을/ /적/을/ /수/ /있/어/서/ /좋/아/./ /붙/일/ /수/도/ /있/고,/살/아/가/면/서/ /누/군/가/와/ /함/께/일/ /수/도/ /있/고/ /혼/자/가/ /될/ /수/도/ /있/어/
85,공란,공란,/내/가/ /아/파/도/ /옆/에/ /돌/봐/주/는/ /사/람/이/ /없/으/면/ /./././솔/직/히/ /좀/ /슬/픈/ /거/ /같/아,/기/다/리/는/ /건/ /지/치/는/ /일/이/야/./ /나/도/ /그/렇/지/만/ /상/대/방/도/ /그/렇/지,/././하/암/ /졸/리/면/ /잠/을/ /잘/ /수/ /있/지/./ /수/면/은/ /살/아/가/는/ /데/ /꼭/ /필/요/해,/배/고/프/면/ /배/에/서/ /꼬/르/륵/ /소/리/가/ /날/ /때/가/ /있/어/
86,공란,공란,공란,공란,공란,/가/끔/은/ /외/로/움/이/ /필/요/할/ /때/도/ /있/어/./ /언/제/인/지/는/ /사/람/마/다/ /다/를/ /뿐/이/지/
87,공란,공란,공란,공란,공란,/책/을/ /읽/으/면/ /지/식/이/ /쌓/여/
88,공란,공란,공란,공란,공란,/혼/자/ /있/을/ /때/는/ /주/로/ /책/을/ /읽/어/./ /집/중/도/ /잘/ /되/어/서/ /좋/아/
89,공란,공란,공란,공란,공란,/밖/에/ /나/가/면/ /시/원/하/고/ /집/에/ /있/으/면/ /아/늑/해/
90,공란,공란,공란,공란,공란,/저/번/에/ /창/밖/에/ /비/둘/기/랑/ /눈/이/ /마/주/친/ /적/ /있/어/./ /바/로/ /날/아/갔/지/만/
91,공란,공란,공란,공란,공란,/오/래/ /앉/아/ /있/으/면/ /허/리/가/ /아/파/./ /가/볍/게/ /몸/을/ /움/직/이/는/ /게/ /좋/지/
92,공란,공란,공란,공란,공란,/종/이/를/ /넘/기/다/가/ /손/이/ /베/이/면/ /아/파/./ /조/심/해/야/ /해/
93,공란,공란,공란,공란,공란,/심/장/이/ /뛰/고/ /있/는/ /것/을/ /느/끼/면/ /내/가/ /살/아/있/음/을/ /느/낄/ /수/ /있/어/
94,공란,공란,공란,공란,공란,/집/안/이/ /답/답/하/면/ /밖/에/ /나/가/서/ /공/기/를/ /쐬/면/ /좋/아/
95,공란,공란,공란,공란,공란,/어/깨/ /근/육/이/ /뭉/쳤/다/면/ /풀/어/주/는/ /게/ /좋/지/
96,공란,공란,공란,공란,공란,/저/번/에/ /책/장/모/서/리/에/ /팔/꿈/치/를/ /찧/였/어/ /./././너/무/ /아/팠/어/
97,공란,공란,공란,공란,공란,/먼/지/ /없/는/ /세/상/에/ /살/면/ /청/소/를/ /덜/ /할/ /수/ /있/을/ /텐/데/ /././얼/마/나/ /좋/을/까/
98,공란,공란,공란,공란,공란,/비/타/민/을/ /먹/는/ /것/은/ /중/요/해/./ /밖/에/ /나/가/면/ /사/ /먹/을/ /수/ /있/어/
99,공란,공란,공란,공란,공란,"/시/원/한/ /것/,/ /따/뜻/한/ /것/을/ /먹/고/ /싶/으/면/ /밖/에/ /나/가/서/ /사/ /먹/을/ /수/ /있/어/"
100,공란,공란,공란,공란,공란,/././가/끔/ /할/ /말/이/ /없/을/ /때/도/ /있/지/
101,공란,공란,공란,공란,공란,/말/을/ /너/무/ /많/이/ /하/면/ /목/이/ /말/라/
102,공란,공란,공란,공란,공란,/대/화/한/다/는/ /것/은/ /어/려/운/ /일/이/야/
103,공란,공란,공란,공란,공란,/요/즘/ /꿈/을/ /많/이/ /꾸/는/ /거/ /같/아/
104,공란,공란,공란,공란,공란,/생/각/나/는/ /것/을/ /잊/지/ /않/기/ /위/해/ /메/모/하/는/ /습/관/을/ /지/니/는/ /것/이/ /좋/아/
105,공란,공란,공란,공란,공란,/여/름/이/ /되/면/ /정/말/ /더/워/지/는/ /거/ /같/아/ /././땀/도/ /많/이/ /흘/리/고/
106,공란,공란,공란,공란,공란,/봄/이/ /되/면/ /벚/꽃/이/ /정/말/ /아/름/다/운/ /거/ /같/아/
107,공란,공란,공란,공란,공란,/가/을/이/ /되/면/ /떨/어/진/ /낙/엽/ /때/문/에/ /나/무/들/이/ /추/워/ /보/여/
108,공란,공란,공란,공란,공란,/겨/울/이/ /되/면/ /하/늘/에/서/ /눈/이/ /내/려/와/ /././그/리/고/ /춥/지/
109,공란,공란,공란,공란,공란,/환/절/기/에/는/ /감/기/에/ /걸/리/지/ /않/게/ /조/심/해/야/ /해/
110,공란,공란,공란,공란,공란,/가/끔/ /봄/이/ /여/도/ /눈/이/ /올/ /때/가/ /있/더/라/
111,공란,공란,공란,공란,공란,/매/미/ /소/리/가/ /들/려/오/면/ /여/름/이/ /시/작/되/는/ /것/이/ /느/껴/져/
112,공란,공란,공란,공란,공란,/가/을/에/ /떨/어/진/ /낙/엽/을/ /밟/으/면/ /바/스/락/거/리/는/ /소/리/가/ /좋/아/
113,공란,공란,공란,공란,공란,/겨/울/에/ /옷/을/ /얇/게/ /입/으/면/ /정/말/ /추/울/ /거/야/
114,공란,공란,공란,공란,공란,/따/뜻/한/ /곳/에/서/ /거/북/이/는/ /겨/울/잠/을/ /자/지/ /않/는/ /거/ /같/아/
115,공란,공란,공란,공란,공란,/사/막/의/ /피/라/미/드/를/ /보/면/ /어/떻/게/ /만/들/었/는/지/ /신/기/해/
116,공란,공란,공란,공란,공란,/책/에/서/ /아/름/다/운/ /도/시/들/의/ /사/진/을/ /보/았/어/./ /한/번/ /가/보/고/ /싶/어/
117,공란,공란,공란,공란,공란,/초/원/에/ /가/면/ /많/은/ /동/물/이/ /있/겠/지/
118,공란,공란,공란,공란,공란,/지/금/ /내/가/ /할/ /수/ /있/는/ /일/이/ /있/다/면/ /최/선/을/ /다/하/는/ /게/ /좋/겠/지/
119,공란,공란,공란,공란,공란,/(/잠/깐/ /졸/았/다/가/ /다/시/ /고/개/를/ /들/었/다/)/
120,공란,공란,공란,공란,공란,/노/래/를/ /부/르/고/ /싶/은/ /기/분/이/야/./ /빗/소/리/에/ /묻/혀/서/ /크/게/ /불/러/도/ /될/ /거/ /같/아
121,공란,공란,공란,공란,공란,/(천/장/을/ /보/고/ /있/다/./ /시/선/을/ /따/라/가/니/ /거/미/줄/이/ /처/져/ /있/다/./)
122,공란,공란,공란,공란,공란,/요/리/를/ /연/습/하/다/가/ /손/을/ /다/쳤/어/./ /어/서/ /잘/하/는/ /날/이/ /오/면/ /좋/겠/어
123,공란,공란,공란,공란,공란,/하/늘/을/ /나/는/ /꿈/을/ /꿔/보/고/ /싶/어/./ /그/럼/ /구/름/ /위/로/ /올/라/가/서/ /햇/살/을/ /볼/ /거/야
124,공란,공란,공란,공란,공란,q/창/ /밖/에/ /새/가/ /날/아/간/ /거/ /같/은/데/ /봤/어/?/y/ /봤/어/ / /n/못/ /봤/어/ /+/비/가/ /그/만/큼/ /적/게/ /온/다/는/ /뜻/일/까/./ /잘/ /모/르/겠/네/-/ /*/잘/못/ /본/ /걸/까/./ /정/말/이/면/ /비/가/ /조/금/ /올/지/도/ /모/른/다/고/ /생/각/해/=/
125,공란,공란,공란,공란,공란,어/제/는/ /열/심/히/ /화/장/실/ /청/소/를/ /했/어/./ /힘/들/었/지/만/ /깨/끗/해/져/서/ /기/분/이/ /좋/아
126,공란,공란,공란,공란,공란,과/일/주/스/를/ /마/시/고/ /싶/어/./ /달/콤/하/고/ /상/큼/하/겠/지
127,공란,공란,공란,공란,공란,/초/콜/릿/과/ /사/탕/은/ /둘/ /다/ /달/달/해/서/ /좋/아/./ /단/것/을/ /먹/으/면/ /기/분/이/ /좋/아/지/거/든
128,공란,공란,공란,공란,공란,/따/뜻/한/ /스/프/에/ /빵/을/ /찍/어/ /먹/고/ /싶/어/./ /나/중/에/ /같/이/ /먹/었/으/면/ /좋/겠/어
129,공란,공란,공란,공란,공란,/요/즘/ /다/양/한/ /책/을/ /읽/게/ /되/어/서/ /좋/은/ /거/ /같/아/./ /세/상/에/는/ /얼/마/나/ /다/양/한/ /책/이/ /있/을/지/ /궁/금/해
130,공란,공란,공란,공란,공란,/메/모/지/가/ /있/으/면/ /필/요/한/ /것/을/ /적/을/ /수/ /있/어/서/ /좋/아/./ /붙/일/ /수/도/ /있/고
131,공란,공란,공란,공란,공란,/././하/암/ /졸/리/면/ /잠/을/ /잘/ /수/ /있/지/./ /수/면/은/ /살/아/가/는/ /데/ /꼭/ /필/요/해
132,공란,공란,공란,공란,공란,/창/문/에/ /있/는/ /커/튼/의/ /색/이/ /정/말/ /좋/은/ /거/ /같/아/
133,공란,공란,공란,공란,공란,/비/가/ /창/문/을/ /두/드/리/는/ /소/리/가/ /좋/은/ /거/ /같/아/./ /날/ /부/르/는/ /것/처/럼/
134,공란,공란,공란,공란,공란,/저/번/에/ /환/기/를/ /시/키/려/고/ /창/문/을/ /열/었/다/가/ /갑/자/기/ /바/람/이/ /불/어/서/ /비/가/ /방/에/ /들/어/왔/어/ /././급/하/게/ /다/시/ /닫/았/지/
135,공란,공란,공란,공란,공란,/창/문/을/ /열/었/다/가/ /바/람/을/ /타/고/ /신/문/지/가/ /날/아/왔/어/./ /물/론/ /젖/어/ /있/어/서/ /볼/ /수/ /없/었/어/
136,공란,공란,공란,공란,공란,/이/제/ /바/람/이/ /강/하/게/ /불/어/도/ /창/문/이/ /덜/컹/거/리/지/ /않/아/서/ /좋/아/
137,공란,공란,공란,공란,공란,/거/북/이/는/ /비/를/ /좋/아/할/까/ /싫/어/할/까/ /././흠/
138,공란,공란,공란,공란,공란,/어/떤/ /지/역/의/ /거/북/이/는/ /걷/는/ /속/도/가/ /빠/르/다/던/데/ /정/말/일/까/
139,공란,공란,공란,공란,공란,/저/번/에/ /거/북/이/가/ /움/직/이/질/ /않/아/서/ /자/세/히/ /보/니/까/ /자/고/ /있/었/어/
140,공란,공란,공란,공란,공란,/저/번/에/ /거/북/이/가/ /식/물/을/ /먹/으/려/고/ /했/었/어/./ /정/말/ /큰/일/ /날/뻔/했/지/
141,공란,공란,공란,공란,공란,/(/거/북/이/랑/ /눈/이/ /마/주/쳤/다/ /./././그/렇/게/ /눈/싸/움/을/ /하/다/가/ /거/북/이/가/ /고/개/를/ /돌/렸/다/)/
142,공란,공란,공란,공란,공란,/우/산/은/ /역/시/ /우/산/꽂/이/에/ /있/어/야/ /해/
143,공란,공란,공란,공란,공란,/T/V/를/ /너/무/ /많/이/ /보/면/ /좀/ /쉬/었/다/가/ /봐/야/ /해/
144,공란,공란,공란,공란,공란,/벌/레/들/의/ /걷/는/ /속/도/는/ /나/름/ /빠/른/ /거/ /같/아/
145,공란,공란,공란,공란,공란,/거/미/줄/은/ /여/기/저/기/ /널/려/있/어/./ /심/지/어/ /내/ /얼/굴/에/도/ /붙/는/ /걸/
146,공란,공란,공란,공란,공란,/벌/레/들/은/ /어/디/로/ /가/는/ /걸/까/././ /궁/금/해/
147,공란,공란,공란,공란,공란,/전/등/은/ /방/을/ /밝/게/ /해/줘/./ /꼭/ /필/요/해/
148,공란,공란,공란,공란,공란,/식/물/을/ /키/운/다/는/ /것/은/ /정/성/과/ /기/다/림/이/ /필/요/해/
149,공란,공란,공란,공란,공란,/물/컵/을/ /가/지/고/ /있/니/?/ /빗/물/을/ /모/을/ /때/ /정/말/ /유/용/한/ /거/ /같/아/
150,공란,공란,공란,공란,공란,/잠/은/ /자/는/ /것/은/ /좋/지/만/ /너/무/ /많/이/ /자/면/ /건/강/에/ /안/ /좋/아/
151,공란,공란,공란,공란,공란,/신/문/을/ /읽/으/면/ /세/상/이/ /어/떻/게/ /돌/아/가/는/지/ /알/게/ /되/는/ /거/ /같/아/
152,공란,공란,공란,공란,공란,/신/문/에/ /적/힌/ /농/담/들/은/ /재/밌/는/ /거/ /같/아/
153,공란,공란,공란,공란,공란,/신/문/을/ /읽/으/면/ /알/지/ /못/했/던/ /사/자/성/어/를/ /알/ /게/ /되/어/서/ /좋/은/ /거/ /같/아/
154,공란,공란,공란,공란,공란,/책/을/ /읽/으/면/ /종/이/ /냄/새/가/ /비/ /때/문/에/ /더/ /진/하/게/ /느/껴/져/
155,공란,공란,공란,공란,공란,/가/끔/ /빗/소/리/는/ /나/만/을/ /위/한/ /작/은/ /연/주/회/ /같/아/
156,공란,공란,공란,공란,공란,/내/가/ /살/고/ /있/는/ /곳/은/ /단/칸/방/이/야/./ /이/ /이/상/은/ /없/어/
157,공란,공란,공란,공란,공란,/새/들/에/게/ /비/가/ /온/다/는/ /것/은/ /자/유/롭/지/ /못/한/ /공/간/ /속/에/서/ /살/아/가/는/ /것/과/ /같/아/
158,공란,공란,공란,공란,공란,/비/는/ /누/군/가/에/게/는/ /행/복/을/ /다/른/ /누/군/가/에/게/는/ /슬/픔/을/ /주/지/
159,공란,공란,공란,공란,공란,/비/가/ /내/리/면/ /미/세/먼/지/가/ /사/라/지/는/데/ /도/움/이/ /되/는/ /거/ /같/아/
160,공란,공란,공란,공란,공란,/샌/드/위/치/를/ /먹/고/ /싶/지/만/ /채/소/가/ /너/무/ /많/아/
161,공란,공란,공란,공란,공란,/밖/에/ /나/가/서/ /과/자/를/ /먹/고/ /싶/어/
162,공란,공란,공란,공란,공란,/햇/살/이/ /따/뜻/했/던/ /게/ /기/억/이/ /나/
163,공란,공란,공란,공란,공란,/어/릴/ /때/ /비/ /오/는/ /날/에/ /뛰/어/놀/았/던/ /기/억/이/ /나/
164,공란,공란,공란,공란,공란,/반/딧/불/이/를/ /본/ /적/이/ /있/어/?/ /마/치/ /별/처/럼/ /반/짝/반/짝/ /빛/이/ /났/었/지/./ /요/즘/엔/ /보/기/ /힘/들/지/만/
165,공란,공란,공란,공란,공란,/저/번/에/ /강/아/지/를/ /만/진/ /적/이/ /있/었/는/데/ /부/드/러/웠/어/
166,공란,공란,공란,공란,공란,/방/을/ /청/소/ /안/ /하/면/ /먼/지/가/ /쌓/이/게/ /돼/
167,공란,공란,공란,공란,공란,/밤/에/ /창/문/으/로/ /빛/이/ /비/쳐/서/ /밖/을/ /내/다/봤/더/니/ /구/름/ /사/이/로/ /달/님/이/ /살/짝/ /보/였/어/
168,공란,공란,공란,공란,공란,/비/가/ /오/면/ /모/든/ /곳/이/ /축/축/해/져/./ /적/어/도/ /불/이/ /날/ /걱/정/은/ /없/겠/지/
169,공란,공란,공란,공란,공란,/천/둥/이/ /치/면/ /무/섭/지/만/ /계/속/ /들/으/면/ /익/숙/해/질/ /것/ /같/아/
170,공란,공란,공란,공란,공란,/잘/ /때/ /이/불/을/ /덮/고/ /자/면/ /좋/은/ /꿈/을/ /꿀/ /수/ /있/을/ /거/ /같/아/
171,공란,공란,공란,공란,공란,/네/가/ /오/기/ /전/에/ /책/장/에/ /먼/지/가/ /쌓/여/서/ /청/소/했/었/어/
172,공란,공란,공란,공란,공란,/방/이/ /항/상/ /쾌/적/해/야/ /몸/ /건/강/에/ /좋/은/ /거/ /같/아/
173,공란,공란,공란,공란,공란,/저/번/에/ /밖/에/서/ /떠/드/는/ /소/리/가/ /나/서/ /창/밖/을/ /쳐/다/보/니/ /아/이/들/이/ /우/비/를/ /입/고/ /놀/고/ /있/었/어/
174,공란,공란,공란,공란,공란,/얇/게/ /입/고/ /다/니/다/ /방/심/하/면/ /감/기/에/ /걸/려/./ /그/러/니/까/ /감/기/ /걸/리/지/ /않/게/ /조/심/해/
175,공란,공란,공란,공란,공란,/몸/이/ /건/강/한/ /게/ /좋/아/./ /너/의/ /건/강/이/ /좋/길/ /바/라/
176,공란,공란,공란,공란,공란,/(/기/침/하/다/가/ /눈/이/ /마/주/쳤/다/)/난/ /괜/찮/아/
177,공란,공란,공란,공란,공란,/운/동/은/ /중/요/한/ /거/야/./ /같/이/ /산/책/하/러/ /나/가/면/ /좋/을/ /거/야/
178,공란,공란,공란,공란,공란,"/빵/에/는/ /다/양/한/ /종/류/가/ /있/어/./ /팥/빵/,/ /크/림/빵/ /././말/하/니/까/ /먹/고/ /싶/네/"
179,공란,공란,공란,공란,공란,/(/앞/에/ /T/V/를/ /보/다/가/ /다/시/ /시/선/을/ /거/두/었/다/)/
180,공란,공란,공란,공란,공란,/(/천/장/을/ /보/다/가/ /다/시/ /시/선/을/ /거/두/었/다/)/
181,공란,공란,공란,공란,공란,/책/을/ /많/이/ /읽/으/면/ /맞/춤/법/을/ /맞/추/는/ /데/ /도/움/이/ /되/는/ /거/ /같/아/
182,공란,공란,공란,공란,공란,/비/가/ /올/ /때/ /솜/사/탕/을/ /먹/으/면/ /바/람/이/ /불/어/서/ /솜/사/탕/이/ /비/에/ /녹/겠/지/
183,공란,공란,공란,공란,공란,/저/번/에/ /천/둥/이/ /치/다/가/ /정/전/이/ /된/ /적/이/ /있/었/어/
184,공란,공란,공란,공란,공란,/어/릴/ /때/ /정/전/이/ /되/어/ /버/리/면/ /무/서/웠/지/./ /사/실/ /지/금/도/ /무/서/워/
185,공란,공란,공란,공란,공란,/깜/깜/하/면/ /아/무/것/도/ /안/ /보/여/서/ /답/답/해/
186,공란,공란,공란,공란,공란,/어/릴/ /때/ /바/다/에/ /갔/는/데/ /수/영/을/ /못/ /해/서/ /모/래/성/을/ /쌓/으/며/ /놀/았/어/
187,공란,공란,공란,공란,공란,/소/라/ /껍/데/기/를/ /귀/에/ /대/고/ /들/으/면/ /바/닷/소/리/가/ /나/
188,공란,공란,공란,공란,공란,/바/닷/소/리/도/ /빗/소/리/처/럼/ /듣/고/ /있/으/면/ /잠/이/ /잘/ /와/
189,공란,공란,공란,공란,공란,/꽃/이/ /피/어/나/는/ /것/을/ /보/면/ /나/도/ /기/분/이/ /좋/아/져/
190,공란,공란,공란,공란,공란,/어/릴/ /때/ /밤/에/ /회/전/목/마/를/ /탔/는/데/ /너/무/ /아/름/다/웠/어/
191,공란,공란,공란,공란,공란,/귀/찮/아/도/ /움/직/여/야/ /할/ /때/는/ /움/직/여/야/ /해/
192,공란,공란,공란,공란,공란,/산/책/하/다/가/ /아/기/를/ /봤/는/데/ /정/말/ /귀/여/웠/어/
193,공란,공란,공란,공란,공란,/등/산/은/ /내/가/ /하/기/에/는/ /조/금/ /힘/든/ /거/ /같/아/
194,공란,공란,공란,공란,공란,/밤/에/ /야/경/은/ /언/제/ /봐/도/ /아/름/다/운/ /거/ /같/아/
195,공란,공란,공란,공란,공란,/비/ /온/ /뒤/에/ /무/지/개/를/ /한/번/ /보/고/ /싶/어/
196,공란,공란,공란,공란,공란,/미/세/먼/지/가/ /심/할/ /때/는/ /마/스/크/를/ /꼭/ /쓰/고/ /나/가/야/ /해/
197,공란,공란,공란,공란,공란,/오/늘/은/ /잠/은/ /잘/ /잔/ /거/ /같/아/./ /정/말/ /개/운/해/
198,공란,공란,공란,공란,공란,/봄/에/는/ /벌/들/이/ /많/은/ /거/ /같/아/./ /옛/날/에/ /창/문/으/로/ /들/어/온/ /적/이/ /있/었/어/
199,공란,공란,공란,공란,공란,/신/문/이/ /하/루/에/ /한/ /번/씩/ /꾸/준/히/ /잘/ /오/고/ /있/는/ /거/ /같/아/
200,공란,공란,공란,공란,공란,/밖/에/서/ /마/시/는/ /커/피/는/ /색/다/른/ /거/ /같/아
201,공란,공란,공란,공란,공란,/요/즘/ /꿈/을/ /많/이/ /꾸/는/ /거/ /같/아/
